{"cameraMode":{"drawMode":0,"name":"Shaded","section":"Shading Mode"},"sceneLighting":false,"audioPlay":false,"sceneViewState":{"showFog":true,"showMaterialUpdate":false,"showSkybox":false,"showFlares":true,"showImageEffects":true,"showParticleSystems":true},"in2DMode":false,"pivot":{"x":0.00008755922317504883,"y":0.8418703079223633,"z":0.08841103315353394},"rotation":{"x":-0.030784541741013528,"y":0.9014692902565002,"z":-0.06501825153827667,"w":-0.42682376503944399},"size":1.3132214546203614,"orthographic":true}